{

    "noZones": {

        "0": [[35.87051629278193, -78.60350170730503], 
        [35.870488037147, -78.60196748386218], 
        [35.86967731348405, -78.601970166071], 
        [35.86968166054993, -78.60205331454429], 
        [35.86932302681241, -78.60204526791786], 
        [35.8693295474403, -78.60327103734684], 
        [35.869690354681005, -78.60326567292921], 
        [35.86970339587581, -78.60424736135593], 
        [35.870062027891805, -78.60423126810304], 
        [35.87006637493657, -78.60350438951384]],

        "1": [[35.86985728469901, -78.60787978979346], 
        [35.86987049434293, -78.6074206404851], 
        [35.86977912759408, -78.60740841461593], 
        [35.86977692598436, -78.60712993648514], 
        [35.86975380907876, -78.60709597573747], 
        [35.869714180082035, -78.60709325887767], 
        [35.86971307927629, -78.6071231443356], 
        [35.86955896632064, -78.607102767887], 
        [35.86956116793642, -78.60706880713934], 
        [35.869194598069214, -78.6070348463917], 
        [35.86914616228423, -78.60726306261596], 
        [35.869127448450314, -78.60740569775614], 
        [35.869102129726755, -78.60766787472805], 
        [35.869098827283956, -78.60766923315795], 
        [35.86916267448698, -78.60775888953178], 
        [35.86920450538522, -78.60780235928878]],
        
        "2": [[35.868327999285505, -78.60618380700964], 
        [35.868223625613, -78.60617820709], 
        [35.86822427389711, -78.60620220674558], 
        [35.868162038598896, -78.60619980678001], 
        [35.867994780992746, -78.6063510046101], 
        [35.86797987041383, -78.60643980333572], 
        [35.86801358128394, -78.60649180258947], 
        [35.86806285099135, -78.60662860062621], 
        [35.86810045153694, -78.60668379983403], 
        [35.8681873216947, -78.60669739963885], 
        [35.868219735908255, -78.60664220043104], 
        [35.86822103247654, -78.60653660194653], 
        [35.86829234369857, -78.6065310020269], 
        [35.86834290979893, -78.60649500254353], 
        [35.86834355808205, -78.6063758042542], 
        [35.86832475786918, -78.60628620554007]] 

    }

}